{"cameraMode":{"drawMode":0,"name":"Shaded","section":"Shading Mode"},"sceneLighting":true,"audioPlay":false,"sceneViewState":{"showFog":true,"showMaterialUpdate":false,"showSkybox":true,"showFlares":true,"showImageEffects":true,"showParticleSystems":true},"in2DMode":false,"pivot":{"x":-0.34221649169921877,"y":0.7118270397186279,"z":-0.1059885025024414},"rotation":{"x":-0.11823626607656479,"y":0.7351289987564087,"z":-0.13286754488945008,"w":-0.6541814804077148},"size":10.0,"orthographic":false}