{"cameraMode":{"drawMode":0,"name":"Shaded","section":"Shading Mode"},"sceneLighting":false,"audioPlay":false,"sceneViewState":{"showFog":true,"showMaterialUpdate":false,"showSkybox":false,"showFlares":true,"showImageEffects":true,"showParticleSystems":true},"in2DMode":false,"pivot":{"x":0.008913792669773102,"y":0.007218804210424423,"z":0.016699939966201783},"rotation":{"x":-0.21527671813964845,"y":-0.140936478972435,"z":0.03144647926092148,"w":-0.9658458232879639},"size":0.1429629772901535,"orthographic":false}