{"cameraMode":{"drawMode":0,"name":"Shaded","section":"Shading Mode"},"sceneLighting":false,"audioPlay":false,"sceneViewState":{"showFog":true,"showMaterialUpdate":false,"showSkybox":true,"showFlares":true,"showImageEffects":true,"showParticleSystems":true},"in2DMode":false,"pivot":{"x":-3.9140329360961916,"y":1.6400647163391114,"z":0.5546771287918091},"rotation":{"x":0.14892035722732545,"y":-0.17229881882667542,"z":0.026329131796956064,"w":0.9733875393867493},"size":0.2988898754119873,"orthographic":false}