{"cameraMode":{"drawMode":0,"name":"Shaded","section":"Shading Mode"},"sceneLighting":false,"audioPlay":false,"sceneViewState":{"showFog":true,"showMaterialUpdate":false,"showSkybox":false,"showFlares":true,"showImageEffects":true,"showParticleSystems":true},"in2DMode":false,"pivot":{"x":-0.021216552704572679,"y":-0.002080179750919342,"z":-0.03689391911029816},"rotation":{"x":-0.025981584563851358,"y":0.9665685296058655,"z":-0.23071610927581788,"w":-0.10890867561101914},"size":0.2053585648536682,"orthographic":false}